Category,Name,Description,Price,Image URL,Created At,Updated At
Fishing Rods,Telescopic Rod,Telescopic Rod - high-quality product for fishing rods.,377.87,https://example.com/images/telescopic_rod.jpg,2024-10-13 22:30:11,2024-10-13 22:30:11
Fishing Rods,Spinning Rod,Spinning Rod - high-quality product for fishing rods.,191.72,https://example.com/images/spinning_rod.jpg,2024-10-13 22:30:11,2024-10-13 22:30:11
Fishing Rods,Casting Rod,Casting Rod - high-quality product for fishing rods.,155.48,https://example.com/images/casting_rod.jpg,2024-10-13 22:30:11,2024-10-13 22:30:11
Fishing Rods,Fly Rod,Fly Rod - high-quality product for fishing rods.,354.23,https://example.com/images/fly_rod.jpg,2024-10-13 22:30:11,2024-10-13 22:30:11
Fishing Rods,Surf Rod,Surf Rod - high-quality product for fishing rods.,275.04,https://example.com/images/surf_rod.jpg,2024-10-13 22:30:11,2024-10-13 22:30:11
Fishing Rods,Ice Rod,Ice Rod - high-quality product for fishing rods.,438.55,https://example.com/images/ice_rod.jpg,2024-10-13 22:30:11,2024-10-13 22:30:11
Fishing Rods,Boat Rod,Boat Rod - high-quality product for fishing rods.,140.48,https://example.com/images/boat_rod.jpg,2024-10-13 22:30:11,2024-10-13 22:30:11
Fishing Rods,Travel Rod,Travel Rod - high-quality product for fishing rods.,363.97,https://example.com/images/travel_rod.jpg,2024-10-13 22:30:11,2024-10-13 22:30:11
Fishing Rods,Tenkara Rod,Tenkara Rod - high-quality product for fishing rods.,228.37,https://example.com/images/tenkara_rod.jpg,2024-10-13 22:30:11,2024-10-13 22:30:11
Fishing Rods,Ultra-light Rod,Ultra-light Rod - high-quality product for fishing rods.,387.61,https://example.com/images/ultra-light_rod.jpg,2024-10-13 22:30:11,2024-10-13 22:30:11
Reels,Spinning Reel,Spinning Reel - high-quality product for reels.,407.84,https://example.com/images/spinning_reel.jpg,2024-10-13 22:30:11,2024-10-13 22:30:11
Reels,Baitcasting Reel,Baitcasting Reel - high-quality product for reels.,255.14,https://example.com/images/baitcasting_reel.jpg,2024-10-13 22:30:11,2024-10-13 22:30:11
Reels,Trolling Reel,Trolling Reel - high-quality product for reels.,239.60,https://example.com/images/trolling_reel.jpg,2024-10-13 22:30:11,2024-10-13 22:30:11
Reels,Fly Reel,Fly Reel - high-quality product for reels.,302.25,https://example.com/images/fly_reel.jpg,2024-10-13 22:30:11,2024-10-13 22:30:11
Reels,Centrepin Reel,Centrepin Reel - high-quality product for reels.,427.53,https://example.com/images/centrepin_reel.jpg,2024-10-13 22:30:11,2024-10-13 22:30:11
Reels,Spin-cast Reel,Spin-cast Reel - high-quality product for reels.,346.77,https://example.com/images/spin-cast_reel.jpg,2024-10-13 22:30:11,2024-10-13 22:30:11
Reels,Surf Reel,Surf Reel - high-quality product for reels.,116.07,https://example.com/images/surf_reel.jpg,2024-10-13 22:30:11,2024-10-13 22:30:11
Reels,Ice Reel,Ice Reel - high-quality product for reels.,63.32,https://example.com/images/ice_reel.jpg,2024-10-13 22:30:11,2024-10-13 22:30:11
Reels,Mooching Reel,Mooching Reel - high-quality product for reels.,198.18,https://example.com/images/mooching_reel.jpg,2024-10-13 22:30:11,2024-10-13 22:30:11
Reels,Electric Reel,Electric Reel - high-quality product for reels.,465.30,https://example.com/images/electric_reel.jpg,2024-10-13 22:30:11,2024-10-13 22:30:11
Bait,Worms,Worms - high-quality product for bait.,262.71,https://example.com/images/worms.jpg,2024-10-13 22:30:11,2024-10-13 22:30:11
Bait,Minnows,Minnows - high-quality product for bait.,185.09,https://example.com/images/minnows.jpg,2024-10-13 22:30:11,2024-10-13 22:30:11
Bait,Artificial Lures,Artificial Lures - high-quality product for bait.,92.57,https://example.com/images/artificial_lures.jpg,2024-10-13 22:30:11,2024-10-13 22:30:11
Bait,Jigs,Jigs - high-quality product for bait.,465.54,https://example.com/images/jigs.jpg,2024-10-13 22:30:11,2024-10-13 22:30:11
Bait,Spinnerbaits,Spinnerbaits - high-quality product for bait.,466.45,https://example.com/images/spinnerbaits.jpg,2024-10-13 22:30:11,2024-10-13 22:30:11
Bait,Soft Plastics,Soft Plastics - high-quality product for bait.,89.02,https://example.com/images/soft_plastics.jpg,2024-10-13 22:30:11,2024-10-13 22:30:11
Bait,Flies,Flies - high-quality product for bait.,128.52,https://example.com/images/flies.jpg,2024-10-13 22:30:11,2024-10-13 22:30:11
Bait,Popper,Popper - high-quality product for bait.,25.97,https://example.com/images/popper.jpg,2024-10-13 22:30:11,2024-10-13 22:30:11
Bait,Crankbaits,Crankbaits - high-quality product for bait.,331.52,https://example.com/images/crankbaits.jpg,2024-10-13 22:30:11,2024-10-13 22:30:11
Bait,Spoons,Spoons - high-quality product for bait.,484.84,https://example.com/images/spoons.jpg,2024-10-13 22:30:11,2024-10-13 22:30:11
Line,Braided Line,Braided Line - high-quality product for line.,208.35,https://example.com/images/braided_line.jpg,2024-10-13 22:30:11,2024-10-13 22:30:11
Line,Fluorocarbon Line,Fluorocarbon Line - high-quality product for line.,391.91,https://example.com/images/fluorocarbon_line.jpg,2024-10-13 22:30:11,2024-10-13 22:30:11
Line,Monofilament Line,Monofilament Line - high-quality product for line.,463.47,https://example.com/images/monofilament_line.jpg,2024-10-13 22:30:11,2024-10-13 22:30:11
Line,Lead Core Line,Lead Core Line - high-quality product for line.,7.52,https://example.com/images/lead_core_line.jpg,2024-10-13 22:30:11,2024-10-13 22:30:11
Line,Wire Line,Wire Line - high-quality product for line.,62.40,https://example.com/images/wire_line.jpg,2024-10-13 22:30:11,2024-10-13 22:30:11
Line,Floating Line,Floating Line - high-quality product for line.,349.84,https://example.com/images/floating_line.jpg,2024-10-13 22:30:11,2024-10-13 22:30:11
Line,Sinking Line,Sinking Line - high-quality product for line.,29.80,https://example.com/images/sinking_line.jpg,2024-10-13 22:30:11,2024-10-13 22:30:11
Line,Tippet,Tippet - high-quality product for line.,458.38,https://example.com/images/tippet.jpg,2024-10-13 22:30:11,2024-10-13 22:30:11
Line,Shock Leader,Shock Leader - high-quality product for line.,46.99,https://example.com/images/shock_leader.jpg,2024-10-13 22:30:11,2024-10-13 22:30:11
Line,Backer Line,Backer Line - high-quality product for line.,203.94,https://example.com/images/backer_line.jpg,2024-10-13 22:30:11,2024-10-13 22:30:11
Hooks,J Hook,J Hook - high-quality product for hooks.,206.22,https://example.com/images/j_hook.jpg,2024-10-13 22:30:11,2024-10-13 22:30:11
Hooks,Circle Hook,Circle Hook - high-quality product for hooks.,97.76,https://example.com/images/circle_hook.jpg,2024-10-13 22:30:11,2024-10-13 22:30:11
Hooks,Treble Hook,Treble Hook - high-quality product for hooks.,190.57,https://example.com/images/treble_hook.jpg,2024-10-13 22:30:11,2024-10-13 22:30:11
Hooks,Siwash Hook,Siwash Hook - high-quality product for hooks.,334.90,https://example.com/images/siwash_hook.jpg,2024-10-13 22:30:11,2024-10-13 22:30:11
Hooks,Double Hook,Double Hook - high-quality product for hooks.,36.11,https://example.com/images/double_hook.jpg,2024-10-13 22:30:11,2024-10-13 22:30:11
Hooks,Octopus Hook,Octopus Hook - high-quality product for hooks.,276.94,https://example.com/images/octopus_hook.jpg,2024-10-13 22:30:11,2024-10-13 22:30:11
Hooks,Aberdeen Hook,Aberdeen Hook - high-quality product for hooks.,315.08,https://example.com/images/aberdeen_hook.jpg,2024-10-13 22:30:11,2024-10-13 22:30:11
Hooks,Worm Hook,Worm Hook - high-quality product for hooks.,130.80,https://example.com/images/worm_hook.jpg,2024-10-13 22:30:11,2024-10-13 22:30:11
Hooks,Offset Hook,Offset Hook - high-quality product for hooks.,371.99,https://example.com/images/offset_hook.jpg,2024-10-13 22:30:11,2024-10-13 22:30:11
Hooks,Weedless Hook,Weedless Hook - high-quality product for hooks.,355.61,https://example.com/images/weedless_hook.jpg,2024-10-13 22:30:11,2024-10-13 22:30:11
Weights,Split Shot,Split Shot - high-quality product for weights.,354.61,https://example.com/images/split_shot.jpg,2024-10-13 22:30:11,2024-10-13 22:30:11
Weights,Egg Sinker,Egg Sinker - high-quality product for weights.,40.27,https://example.com/images/egg_sinker.jpg,2024-10-13 22:30:11,2024-10-13 22:30:11
Weights,Pyramid Sinker,Pyramid Sinker - high-quality product for weights.,249.25,https://example.com/images/pyramid_sinker.jpg,2024-10-13 22:30:11,2024-10-13 22:30:11
Weights,Bullet Weight,Bullet Weight - high-quality product for weights.,184.81,https://example.com/images/bullet_weight.jpg,2024-10-13 22:30:11,2024-10-13 22:30:11
Weights,Bank Sinker,Bank Sinker - high-quality product for weights.,433.05,https://example.com/images/bank_sinker.jpg,2024-10-13 22:30:11,2024-10-13 22:30:11
Weights,Bell Sinker,Bell Sinker - high-quality product for weights.,92.77,https://example.com/images/bell_sinker.jpg,2024-10-13 22:30:11,2024-10-13 22:30:11
Weights,Tungsten Weight,Tungsten Weight - high-quality product for weights.,399.92,https://example.com/images/tungsten_weight.jpg,2024-10-13 22:30:11,2024-10-13 22:30:11
Weights,Drop Shot Weight,Drop Shot Weight - high-quality product for weights.,477.95,https://example.com/images/drop_shot_weight.jpg,2024-10-13 22:30:11,2024-10-13 22:30:11
Weights,No-roll Sinker,No-roll Sinker - high-quality product for weights.,462.70,https://example.com/images/no-roll_sinker.jpg,2024-10-13 22:30:11,2024-10-13 22:30:11
Weights,Walking Weight,Walking Weight - high-quality product for weights.,51.88,https://example.com/images/walking_weight.jpg,2024-10-13 22:30:11,2024-10-13 22:30:11
Accessory Boxes,Tackle Box,Tackle Box - high-quality product for accessory boxes.,347.47,https://example.com/images/tackle_box.jpg,2024-10-13 22:30:11,2024-10-13 22:30:11
Accessory Boxes,Fly Box,Fly Box - high-quality product for accessory boxes.,427.16,https://example.com/images/fly_box.jpg,2024-10-13 22:30:11,2024-10-13 22:30:11
Accessory Boxes,Waterproof Box,Waterproof Box - high-quality product for accessory boxes.,130.03,https://example.com/images/waterproof_box.jpg,2024-10-13 22:30:11,2024-10-13 22:30:11
Accessory Boxes,Lure Organizer,Lure Organizer - high-quality product for accessory boxes.,174.13,https://example.com/images/lure_organizer.jpg,2024-10-13 22:30:11,2024-10-13 22:30:11
Accessory Boxes,Multi-tray Box,Multi-tray Box - high-quality product for accessory boxes.,308.82,https://example.com/images/multi-tray_box.jpg,2024-10-13 22:30:11,2024-10-13 22:30:11
Accessory Boxes,Small Parts Box,Small Parts Box - high-quality product for accessory boxes.,429.05,https://example.com/images/small_parts_box.jpg,2024-10-13 22:30:11,2024-10-13 22:30:11
Accessory Boxes,Hook Keeper,Hook Keeper - high-quality product for accessory boxes.,81.36,https://example.com/images/hook_keeper.jpg,2024-10-13 22:30:11,2024-10-13 22:30:11
Accessory Boxes,Soft Tackle Bag,Soft Tackle Bag - high-quality product for accessory boxes.,455.47,https://example.com/images/soft_tackle_bag.jpg,2024-10-13 22:30:11,2024-10-13 22:30:11
Accessory Boxes,Modular Box,Modular Box - high-quality product for accessory boxes.,178.44,https://example.com/images/modular_box.jpg,2024-10-13 22:30:11,2024-10-13 22:30:11
Accessory Boxes,Compact Case,Compact Case - high-quality product for accessory boxes.,169.35,https://example.com/images/compact_case.jpg,2024-10-13 22:30:11,2024-10-13 22:30:11
Buckets,Bait Bucket,Bait Bucket - high-quality product for buckets.,426.12,https://example.com/images/bait_bucket.jpg,2024-10-13 22:30:11,2024-10-13 22:30:11
Buckets,Fish Bucket,Fish Bucket - high-quality product for buckets.,224.70,https://example.com/images/fish_bucket.jpg,2024-10-13 22:30:11,2024-10-13 22:30:11
Buckets,Collapsible Bucket,Collapsible Bucket - high-quality product for buckets.,361.94,https://example.com/images/collapsible_bucket.jpg,2024-10-13 22:30:11,2024-10-13 22:30:11
Buckets,Portable Bucket,Portable Bucket - high-quality product for buckets.,68.46,https://example.com/images/portable_bucket.jpg,2024-10-13 22:30:11,2024-10-13 22:30:11
Buckets,Insulated Bucket,Insulated Bucket - high-quality product for buckets.,72.04,https://example.com/images/insulated_bucket.jpg,2024-10-13 22:30:11,2024-10-13 22:30:11
Buckets,Aerated Bucket,Aerated Bucket - high-quality product for buckets.,367.55,https://example.com/images/aerated_bucket.jpg,2024-10-13 22:30:11,2024-10-13 22:30:11
Buckets,Plastic Bucket,Plastic Bucket - high-quality product for buckets.,179.63,https://example.com/images/plastic_bucket.jpg,2024-10-13 22:30:11,2024-10-13 22:30:11
Buckets,Metal Bucket,Metal Bucket - high-quality product for buckets.,297.02,https://example.com/images/metal_bucket.jpg,2024-10-13 22:30:11,2024-10-13 22:30:11
Buckets,Bucket with Lid,Bucket with Lid - high-quality product for buckets.,386.45,https://example.com/images/bucket_with_lid.jpg,2024-10-13 22:30:11,2024-10-13 22:30:11
Buckets,Foldable Bucket,Foldable Bucket - high-quality product for buckets.,150.70,https://example.com/images/foldable_bucket.jpg,2024-10-13 22:30:11,2024-10-13 22:30:11
Other Fishing Equipment,Fish Finder,Fish Finder - high-quality product for other fishing equipment.,495.02,https://example.com/images/fish_finder.jpg,2024-10-13 22:30:11,2024-10-13 22:30:11
Other Fishing Equipment,Fishing Net,Fishing Net - high-quality product for other fishing equipment.,313.49,https://example.com/images/fishing_net.jpg,2024-10-13 22:30:11,2024-10-13 22:30:11
Other Fishing Equipment,Rod Holder,Rod Holder - high-quality product for other fishing equipment.,98.17,https://example.com/images/rod_holder.jpg,2024-10-13 22:30:11,2024-10-13 22:30:11
Other Fishing Equipment,Wader,Wader - high-quality product for other fishing equipment.,477.22,https://example.com/images/wader.jpg,2024-10-13 22:30:11,2024-10-13 22:30:11
Other Fishing Equipment,Fishing Chair,Fishing Chair - high-quality product for other fishing equipment.,160.66,https://example.com/images/fishing_chair.jpg,2024-10-13 22:30:11,2024-10-13 22:30:11
Other Fishing Equipment,Fishing Pliers,Fishing Pliers - high-quality product for other fishing equipment.,155.85,https://example.com/images/fishing_pliers.jpg,2024-10-13 22:30:11,2024-10-13 22:30:11
Other Fishing Equipment,Tackle Backpack,Tackle Backpack - high-quality product for other fishing equipment.,351.72,https://example.com/images/tackle_backpack.jpg,2024-10-13 22:30:11,2024-10-13 22:30:11
Other Fishing Equipment,Gaff Hook,Gaff Hook - high-quality product for other fishing equipment.,361.23,https://example.com/images/gaff_hook.jpg,2024-10-13 22:30:11,2024-10-13 22:30:11
Other Fishing Equipment,Stringer,Stringer - high-quality product for other fishing equipment.,229.50,https://example.com/images/stringer.jpg,2024-10-13 22:30:11,2024-10-13 22:30:11
Other Fishing Equipment,Fillet Knife,Fillet Knife - high-quality product for other fishing equipment.,267.31,https://example.com/images/fillet_knife.jpg,2024-10-13 22:30:11,2024-10-13 22:30:11
Tents,Dome Tent,Dome Tent - high-quality product for tents.,48.63,https://example.com/images/dome_tent.jpg,2024-10-13 22:30:11,2024-10-13 22:30:11
Tents,Pop-up Tent,Pop-up Tent - high-quality product for tents.,467.01,https://example.com/images/pop-up_tent.jpg,2024-10-13 22:30:11,2024-10-13 22:30:11
Tents,Tunnel Tent,Tunnel Tent - high-quality product for tents.,63.15,https://example.com/images/tunnel_tent.jpg,2024-10-13 22:30:11,2024-10-13 22:30:11
Tents,Cabin Tent,Cabin Tent - high-quality product for tents.,96.79,https://example.com/images/cabin_tent.jpg,2024-10-13 22:30:11,2024-10-13 22:30:11
Tents,Backpacking Tent,Backpacking Tent - high-quality product for tents.,133.10,https://example.com/images/backpacking_tent.jpg,2024-10-13 22:30:11,2024-10-13 22:30:11
Tents,Geodesic Tent,Geodesic Tent - high-quality product for tents.,363.50,https://example.com/images/geodesic_tent.jpg,2024-10-13 22:30:11,2024-10-13 22:30:11
Tents,Inflatable Tent,Inflatable Tent - high-quality product for tents.,456.08,https://example.com/images/inflatable_tent.jpg,2024-10-13 22:30:11,2024-10-13 22:30:11
Tents,Teepee Tent,Teepee Tent - high-quality product for tents.,373.82,https://example.com/images/teepee_tent.jpg,2024-10-13 22:30:11,2024-10-13 22:30:11
Tents,Bivy Sack,Bivy Sack - high-quality product for tents.,472.92,https://example.com/images/bivy_sack.jpg,2024-10-13 22:30:11,2024-10-13 22:30:11
Tents,Rooftop Tent,Rooftop Tent - high-quality product for tents.,159.91,https://example.com/images/rooftop_tent.jpg,2024-10-13 22:30:11,2024-10-13 22:30:11
Sleeping Bags,Down Sleeping Bag,Down Sleeping Bag - high-quality product for sleeping bags.,346.64,https://example.com/images/down_sleeping_bag.jpg,2024-10-13 22:30:11,2024-10-13 22:30:11
Sleeping Bags,Synthetic Sleeping Bag,Synthetic Sleeping Bag - high-quality product for sleeping bags.,418.96,https://example.com/images/synthetic_sleeping_bag.jpg,2024-10-13 22:30:11,2024-10-13 22:30:11
Sleeping Bags,Rectangular Sleeping Bag,Rectangular Sleeping Bag - high-quality product for sleeping bags.,494.22,https://example.com/images/rectangular_sleeping_bag.jpg,2024-10-13 22:30:11,2024-10-13 22:30:11
Sleeping Bags,Mummy Sleeping Bag,Mummy Sleeping Bag - high-quality product for sleeping bags.,12.98,https://example.com/images/mummy_sleeping_bag.jpg,2024-10-13 22:30:11,2024-10-13 22:30:11
Sleeping Bags,Double Sleeping Bag,Double Sleeping Bag - high-quality product for sleeping bags.,238.65,https://example.com/images/double_sleeping_bag.jpg,2024-10-13 22:30:11,2024-10-13 22:30:11
Sleeping Bags,Ultra-light Sleeping Bag,Ultra-light Sleeping Bag - high-quality product for sleeping bags.,289.44,https://example.com/images/ultra-light_sleeping_bag.jpg,2024-10-13 22:30:11,2024-10-13 22:30:11
Sleeping Bags,Sleeping Bag Liner,Sleeping Bag Liner - high-quality product for sleeping bags.,406.84,https://example.com/images/sleeping_bag_liner.jpg,2024-10-13 22:30:11,2024-10-13 22:30:11
Sleeping Bags,Winter Sleeping Bag,Winter Sleeping Bag - high-quality product for sleeping bags.,262.59,https://example.com/images/winter_sleeping_bag.jpg,2024-10-13 22:30:11,2024-10-13 22:30:11
Sleeping Bags,Summer Sleeping Bag,Summer Sleeping Bag - high-quality product for sleeping bags.,289.75,https://example.com/images/summer_sleeping_bag.jpg,2024-10-13 22:30:11,2024-10-13 22:30:11
Sleeping Bags,Hooded Sleeping Bag,Hooded Sleeping Bag - high-quality product for sleeping bags.,140.36,https://example.com/images/hooded_sleeping_bag.jpg,2024-10-13 22:30:11,2024-10-13 22:30:11
Backpacks,Daypack,Daypack - high-quality product for backpacks.,276.80,https://example.com/images/daypack.jpg,2024-10-13 22:30:11,2024-10-13 22:30:11
Backpacks,Hydration Pack,Hydration Pack - high-quality product for backpacks.,220.22,https://example.com/images/hydration_pack.jpg,2024-10-13 22:30:11,2024-10-13 22:30:11
Backpacks,Framed Backpack,Framed Backpack - high-quality product for backpacks.,395.12,https://example.com/images/framed_backpack.jpg,2024-10-13 22:30:11,2024-10-13 22:30:11
Backpacks,Duffel Bag,Duffel Bag - high-quality product for backpacks.,68.91,https://example.com/images/duffel_bag.jpg,2024-10-13 22:30:11,2024-10-13 22:30:11
Backpacks,Dry Bag,Dry Bag - high-quality product for backpacks.,373.82,https://example.com/images/dry_bag.jpg,2024-10-13 22:30:11,2024-10-13 22:30:11
Backpacks,Tactical Backpack,Tactical Backpack - high-quality product for backpacks.,59.00,https://example.com/images/tactical_backpack.jpg,2024-10-13 22:30:11,2024-10-13 22:30:11
Backpacks,Ultralight Backpack,Ultralight Backpack - high-quality product for backpacks.,128.05,https://example.com/images/ultralight_backpack.jpg,2024-10-13 22:30:11,2024-10-13 22:30:11
Backpacks,Weekend Backpack,Weekend Backpack - high-quality product for backpacks.,256.59,https://example.com/images/weekend_backpack.jpg,2024-10-13 22:30:11,2024-10-13 22:30:11
Backpacks,Expedition Pack,Expedition Pack - high-quality product for backpacks.,57.97,https://example.com/images/expedition_pack.jpg,2024-10-13 22:30:11,2024-10-13 22:30:11
Backpacks,Fanny Pack,Fanny Pack - high-quality product for backpacks.,175.97,https://example.com/images/fanny_pack.jpg,2024-10-13 22:30:11,2024-10-13 22:30:11
Cooking Utensils,Camping Stove,Camping Stove - high-quality product for cooking utensils.,323.05,https://example.com/images/camping_stove.jpg,2024-10-13 22:30:11,2024-10-13 22:30:11
Cooking Utensils,Portable Grill,Portable Grill - high-quality product for cooking utensils.,385.44,https://example.com/images/portable_grill.jpg,2024-10-13 22:30:11,2024-10-13 22:30:11
Cooking Utensils,Camping Cook Set,Camping Cook Set - high-quality product for cooking utensils.,358.61,https://example.com/images/camping_cook_set.jpg,2024-10-13 22:30:11,2024-10-13 22:30:11
Cooking Utensils,Foldable Spork,Foldable Spork - high-quality product for cooking utensils.,133.77,https://example.com/images/foldable_spork.jpg,2024-10-13 22:30:11,2024-10-13 22:30:11
Cooking Utensils,Camping Kettle,Camping Kettle - high-quality product for cooking utensils.,357.03,https://example.com/images/camping_kettle.jpg,2024-10-13 22:30:11,2024-10-13 22:30:11
Cooking Utensils,Cookware Set,Cookware Set - high-quality product for cooking utensils.,210.57,https://example.com/images/cookware_set.jpg,2024-10-13 22:30:11,2024-10-13 22:30:11
Cooking Utensils,Fire Starter,Fire Starter - high-quality product for cooking utensils.,8.14,https://example.com/images/fire_starter.jpg,2024-10-13 22:30:11,2024-10-13 22:30:11
Cooking Utensils,Compact Frying Pan,Compact Frying Pan - high-quality product for cooking utensils.,440.62,https://example.com/images/compact_frying_pan.jpg,2024-10-13 22:30:11,2024-10-13 22:30:11
Cooking Utensils,Folding Table,Folding Table - high-quality product for cooking utensils.,432.88,https://example.com/images/folding_table.jpg,2024-10-13 22:30:11,2024-10-13 22:30:11
Cooking Utensils,Collapsible Bowl,Collapsible Bowl - high-quality product for cooking utensils.,82.47,https://example.com/images/collapsible_bowl.jpg,2024-10-13 22:30:11,2024-10-13 22:30:11
Portable Generators,Solar Generator,Solar Generator - high-quality product for portable generators.,177.12,https://example.com/images/solar_generator.jpg,2024-10-13 22:30:11,2024-10-13 22:30:11
Portable Generators,Gas Generator,Gas Generator - high-quality product for portable generators.,187.47,https://example.com/images/gas_generator.jpg,2024-10-13 22:30:11,2024-10-13 22:30:11
Portable Generators,Diesel Generator,Diesel Generator - high-quality product for portable generators.,285.56,https://example.com/images/diesel_generator.jpg,2024-10-13 22:30:11,2024-10-13 22:30:11
Portable Generators,Inverter Generator,Inverter Generator - high-quality product for portable generators.,239.57,https://example.com/images/inverter_generator.jpg,2024-10-13 22:30:11,2024-10-13 22:30:11
Portable Generators,Dual Fuel Generator,Dual Fuel Generator - high-quality product for portable generators.,51.56,https://example.com/images/dual_fuel_generator.jpg,2024-10-13 22:30:11,2024-10-13 22:30:11
Portable Generators,Portable Power Station,Portable Power Station - high-quality product for portable generators.,294.73,https://example.com/images/portable_power_station.jpg,2024-10-13 22:30:11,2024-10-13 22:30:11
Portable Generators,Battery Pack,Battery Pack - high-quality product for portable generators.,460.70,https://example.com/images/battery_pack.jpg,2024-10-13 22:30:11,2024-10-13 22:30:11
Portable Generators,Electric Generator,Electric Generator - high-quality product for portable generators.,457.49,https://example.com/images/electric_generator.jpg,2024-10-13 22:30:11,2024-10-13 22:30:11
Portable Generators,Compact Generator,Compact Generator - high-quality product for portable generators.,348.98,https://example.com/images/compact_generator.jpg,2024-10-13 22:30:11,2024-10-13 22:30:11
Portable Generators,Emergency Generator,Emergency Generator - high-quality product for portable generators.,312.17,https://example.com/images/emergency_generator.jpg,2024-10-13 22:30:11,2024-10-13 22:30:11
Inflatable Beds,Air Mattress,Air Mattress - high-quality product for inflatable beds.,186.03,https://example.com/images/air_mattress.jpg,2024-10-13 22:30:11,2024-10-13 22:30:11
Inflatable Beds,Self-inflating Mat,Self-inflating Mat - high-quality product for inflatable beds.,170.54,https://example.com/images/self-inflating_mat.jpg,2024-10-13 22:30:11,2024-10-13 22:30:11
Inflatable Beds,Sleeping Pad,Sleeping Pad - high-quality product for inflatable beds.,362.17,https://example.com/images/sleeping_pad.jpg,2024-10-13 22:30:11,2024-10-13 22:30:11
Inflatable Beds,Foam Mat,Foam Mat - high-quality product for inflatable beds.,164.23,https://example.com/images/foam_mat.jpg,2024-10-13 22:30:11,2024-10-13 22:30:11
Inflatable Beds,Folding Cot,Folding Cot - high-quality product for inflatable beds.,115.76,https://example.com/images/folding_cot.jpg,2024-10-13 22:30:11,2024-10-13 22:30:11
Inflatable Beds,Camping Mattress,Camping Mattress - high-quality product for inflatable beds.,365.15,https://example.com/images/camping_mattress.jpg,2024-10-13 22:30:11,2024-10-13 22:30:11
Inflatable Beds,Insulated Mat,Insulated Mat - high-quality product for inflatable beds.,59.45,https://example.com/images/insulated_mat.jpg,2024-10-13 22:30:11,2024-10-13 22:30:11
Inflatable Beds,Double Air Bed,Double Air Bed - high-quality product for inflatable beds.,90.23,https://example.com/images/double_air_bed.jpg,2024-10-13 22:30:11,2024-10-13 22:30:11
Inflatable Beds,Hiking Mat,Hiking Mat - high-quality product for inflatable beds.,109.56,https://example.com/images/hiking_mat.jpg,2024-10-13 22:30:11,2024-10-13 22:30:11
Inflatable Beds,Compact Air Bed,Compact Air Bed - high-quality product for inflatable beds.,345.50,https://example.com/images/compact_air_bed.jpg,2024-10-13 22:30:11,2024-10-13 22:30:11
Camping Lamps,LED Lantern,LED Lantern - high-quality product for camping lamps.,454.19,https://example.com/images/led_lantern.jpg,2024-10-13 22:30:11,2024-10-13 22:30:11
Camping Lamps,Propane Lantern,Propane Lantern - high-quality product for camping lamps.,354.48,https://example.com/images/propane_lantern.jpg,2024-10-13 22:30:11,2024-10-13 22:30:11
Camping Lamps,Battery Lantern,Battery Lantern - high-quality product for camping lamps.,463.89,https://example.com/images/battery_lantern.jpg,2024-10-13 22:30:11,2024-10-13 22:30:11
Camping Lamps,Solar Lantern,Solar Lantern - high-quality product for camping lamps.,408.52,https://example.com/images/solar_lantern.jpg,2024-10-13 22:30:11,2024-10-13 22:30:11
Camping Lamps,Hand-crank Lantern,Hand-crank Lantern - high-quality product for camping lamps.,85.69,https://example.com/images/hand-crank_lantern.jpg,2024-10-13 22:30:11,2024-10-13 22:30:11
Camping Lamps,Headlamp,Headlamp - high-quality product for camping lamps.,7.15,https://example.com/images/headlamp.jpg,2024-10-13 22:30:11,2024-10-13 22:30:11
Camping Lamps,Flashlight,Flashlight - high-quality product for camping lamps.,293.03,https://example.com/images/flashlight.jpg,2024-10-13 22:30:11,2024-10-13 22:30:11
Camping Lamps,Clip-on Lamp,Clip-on Lamp - high-quality product for camping lamps.,107.63,https://example.com/images/clip-on_lamp.jpg,2024-10-13 22:30:11,2024-10-13 22:30:11
Camping Lamps,USB Rechargeable Lamp,USB Rechargeable Lamp - high-quality product for camping lamps.,339.92,https://example.com/images/usb_rechargeable_lamp.jpg,2024-10-13 22:30:11,2024-10-13 22:30:11
Camping Lamps,Hanging Light,Hanging Light - high-quality product for camping lamps.,159.13,https://example.com/images/hanging_light.jpg,2024-10-13 22:30:11,2024-10-13 22:30:11
First Aid Kits,Basic First Aid Kit,Basic First Aid Kit - high-quality product for first aid kits.,275.09,https://example.com/images/basic_first_aid_kit.jpg,2024-10-13 22:30:11,2024-10-13 22:30:11
First Aid Kits,Travel First Aid Kit,Travel First Aid Kit - high-quality product for first aid kits.,207.61,https://example.com/images/travel_first_aid_kit.jpg,2024-10-13 22:30:11,2024-10-13 22:30:11
First Aid Kits,Waterproof First Aid Kit,Waterproof First Aid Kit - high-quality product for first aid kits.,37.04,https://example.com/images/waterproof_first_aid_kit.jpg,2024-10-13 22:30:11,2024-10-13 22:30:11
First Aid Kits,Emergency First Aid Kit,Emergency First Aid Kit - high-quality product for first aid kits.,268.95,https://example.com/images/emergency_first_aid_kit.jpg,2024-10-13 22:30:11,2024-10-13 22:30:11
First Aid Kits,Comprehensive First Aid Kit,Comprehensive First Aid Kit - high-quality product for first aid kits.,463.24,https://example.com/images/comprehensive_first_aid_kit.jpg,2024-10-13 22:30:11,2024-10-13 22:30:11
First Aid Kits,Compact First Aid Kit,Compact First Aid Kit - high-quality product for first aid kits.,163.53,https://example.com/images/compact_first_aid_kit.jpg,2024-10-13 22:30:11,2024-10-13 22:30:11
First Aid Kits,Medical Kit,Medical Kit - high-quality product for first aid kits.,11.79,https://example.com/images/medical_kit.jpg,2024-10-13 22:30:11,2024-10-13 22:30:11
First Aid Kits,Ultralight First Aid Kit,Ultralight First Aid Kit - high-quality product for first aid kits.,200.09,https://example.com/images/ultralight_first_aid_kit.jpg,2024-10-13 22:30:11,2024-10-13 22:30:11
First Aid Kits,Camping First Aid Kit,Camping First Aid Kit - high-quality product for first aid kits.,378.69,https://example.com/images/camping_first_aid_kit.jpg,2024-10-13 22:30:11,2024-10-13 22:30:11
First Aid Kits,Family First Aid Kit,Family First Aid Kit - high-quality product for first aid kits.,25.31,https://example.com/images/family_first_aid_kit.jpg,2024-10-13 22:30:11,2024-10-13 22:30:11
Camping Furniture,Folding Chair,Folding Chair - high-quality product for camping furniture.,297.74,https://example.com/images/folding_chair.jpg,2024-10-13 22:30:11,2024-10-13 22:30:11
Camping Furniture,Camping Table,Camping Table - high-quality product for camping furniture.,306.87,https://example.com/images/camping_table.jpg,2024-10-13 22:30:11,2024-10-13 22:30:11
Camping Furniture,Folding Stool,Folding Stool - high-quality product for camping furniture.,196.59,https://example.com/images/folding_stool.jpg,2024-10-13 22:30:11,2024-10-13 22:30:11
Camping Furniture,Portable Hammock,Portable Hammock - high-quality product for camping furniture.,410.10,https://example.com/images/portable_hammock.jpg,2024-10-13 22:30:11,2024-10-13 22:30:11
Camping Furniture,Folding Cot,Folding Cot - high-quality product for camping furniture.,477.19,https://example.com/images/folding_cot.jpg,2024-10-13 22:30:11,2024-10-13 22:30:11
Camping Furniture,Camp Lounger,Camp Lounger - high-quality product for camping furniture.,82.41,https://example.com/images/camp_lounger.jpg,2024-10-13 22:30:11,2024-10-13 22:30:11
Camping Furniture,Inflatable Sofa,Inflatable Sofa - high-quality product for camping furniture.,329.08,https://example.com/images/inflatable_sofa.jpg,2024-10-13 22:30:11,2024-10-13 22:30:11
Camping Furniture,Collapsible Bench,Collapsible Bench - high-quality product for camping furniture.,398.10,https://example.com/images/collapsible_bench.jpg,2024-10-13 22:30:11,2024-10-13 22:30:11
Camping Furniture,Compact Chair,Compact Chair - high-quality product for camping furniture.,366.23,https://example.com/images/compact_chair.jpg,2024-10-13 22:30:11,2024-10-13 22:30:11
Camping Furniture,Camp Rocking Chair,Camp Rocking Chair - high-quality product for camping furniture.,90.27,https://example.com/images/camp_rocking_chair.jpg,2024-10-13 22:30:11,2024-10-13 22:30:11
Hygiene Products,Biodegradable Soap,Biodegradable Soap - high-quality product for hygiene products.,479.00,https://example.com/images/biodegradable_soap.jpg,2024-10-13 22:30:11,2024-10-13 22:30:11
Hygiene Products,Portable Shower,Portable Shower - high-quality product for hygiene products.,445.32,https://example.com/images/portable_shower.jpg,2024-10-13 22:30:11,2024-10-13 22:30:11
Hygiene Products,Toothpaste Tablets,Toothpaste Tablets - high-quality product for hygiene products.,403.90,https://example.com/images/toothpaste_tablets.jpg,2024-10-13 22:30:11,2024-10-13 22:30:11
Hygiene Products,Wet Wipes,Wet Wipes - high-quality product for hygiene products.,349.46,https://example.com/images/wet_wipes.jpg,2024-10-13 22:30:11,2024-10-13 22:30:11
Hygiene Products,Hand Sanitizer,Hand Sanitizer - high-quality product for hygiene products.,438.53,https://example.com/images/hand_sanitizer.jpg,2024-10-13 22:30:11,2024-10-13 22:30:11
Hygiene Products,Dry Shampoo,Dry Shampoo - high-quality product for hygiene products.,46.43,https://example.com/images/dry_shampoo.jpg,2024-10-13 22:30:11,2024-10-13 22:30:11
Hygiene Products,Travel Towel,Travel Towel - high-quality product for hygiene products.,189.14,https://example.com/images/travel_towel.jpg,2024-10-13 22:30:11,2024-10-13 22:30:11
Hygiene Products,Toilet Paper,Toilet Paper - high-quality product for hygiene products.,431.80,https://example.com/images/toilet_paper.jpg,2024-10-13 22:30:11,2024-10-13 22:30:11
Hygiene Products,Compact Toothbrush,Compact Toothbrush - high-quality product for hygiene products.,346.79,https://example.com/images/compact_toothbrush.jpg,2024-10-13 22:30:11,2024-10-13 22:30:11
Hygiene Products,Deodorant Wipes,Deodorant Wipes - high-quality product for hygiene products.,24.52,https://example.com/images/deodorant_wipes.jpg,2024-10-13 22:30:11,2024-10-13 22:30:11
